[{"model": "admin.logentry", "pk": 1, "fields": {"action_time": "2021-07-02T00:58:35.459Z", "user": 1, "content_type": 4, "object_id": "2", "object_repr": "michelle", "action_flag": 1, "change_message": "[{\"added\": {}}]"}}, {"model": "admin.logentry", "pk": 2, "fields": {"action_time": "2021-07-02T00:59:03.983Z", "user": 1, "content_type": 4, "object_id": "2", "object_repr": "michelle", "action_flag": 2, "change_message": "[{\"changed\": {\"fields\": [\"First name\", \"Last name\", \"Email address\"]}}]"}}, {"model": "admin.logentry", "pk": 3, "fields": {"action_time": "2021-07-02T00:59:16.720Z", "user": 1, "content_type": 4, "object_id": "1", "object_repr": "michael", "action_flag": 2, "change_message": "[{\"changed\": {\"fields\": [\"First name\", \"Last name\"]}}]"}}, {"model": "admin.logentry", "pk": 4, "fields": {"action_time": "2021-07-03T16:56:05.498Z", "user": 1, "content_type": 8, "object_id": "1", "object_repr": "PurchaseType object (1)", "action_flag": 1, "change_message": "[{\"added\": {}}]"}}, {"model": "admin.logentry", "pk": 5, "fields": {"action_time": "2021-07-03T16:56:16.787Z", "user": 1, "content_type": 8, "object_id": "2", "object_repr": "PurchaseType object (2)", "action_flag": 1, "change_message": "[{\"added\": {}}]"}}, {"model": "admin.logentry", "pk": 6, "fields": {"action_time": "2021-07-03T16:56:28.260Z", "user": 1, "content_type": 8, "object_id": "3", "object_repr": "PurchaseType object (3)", "action_flag": 1, "change_message": "[{\"added\": {}}]"}}, {"model": "admin.logentry", "pk": 7, "fields": {"action_time": "2021-07-03T16:57:04.445Z", "user": 1, "content_type": 8, "object_id": "4", "object_repr": "coffee", "action_flag": 1, "change_message": "[{\"added\": {}}]"}}, {"model": "admin.logentry", "pk": 8, "fields": {"action_time": "2021-07-03T16:57:07.742Z", "user": 1, "content_type": 8, "object_id": "5", "object_repr": "furniture", "action_flag": 1, "change_message": "[{\"added\": {}}]"}}, {"model": "admin.logentry", "pk": 9, "fields": {"action_time": "2021-07-03T17:06:09.062Z", "user": 1, "content_type": 8, "object_id": "6", "object_repr": "", "action_flag": 3, "change_message": ""}}, {"model": "admin.logentry", "pk": 10, "fields": {"action_time": "2021-07-03T17:06:16.850Z", "user": 1, "content_type": 8, "object_id": "5", "object_repr": "furniture", "action_flag": 3, "change_message": ""}}, {"model": "admin.logentry", "pk": 11, "fields": {"action_time": "2021-07-03T17:06:16.855Z", "user": 1, "content_type": 8, "object_id": "4", "object_repr": "coffee", "action_flag": 3, "change_message": ""}}, {"model": "admin.logentry", "pk": 12, "fields": {"action_time": "2021-07-03T17:06:16.859Z", "user": 1, "content_type": 8, "object_id": "3", "object_repr": "small house purchase", "action_flag": 3, "change_message": ""}}, {"model": "admin.logentry", "pk": 13, "fields": {"action_time": "2021-07-03T17:06:16.863Z", "user": 1, "content_type": 8, "object_id": "2", "object_repr": "take out", "action_flag": 3, "change_message": ""}}, {"model": "admin.logentry", "pk": 14, "fields": {"action_time": "2021-07-03T17:06:16.868Z", "user": 1, "content_type": 8, "object_id": "1", "object_repr": "eating out", "action_flag": 3, "change_message": ""}}, {"model": "admin.logentry", "pk": 15, "fields": {"action_time": "2021-07-03T17:06:22.463Z", "user": 1, "content_type": 8, "object_id": "7", "object_repr": "groceries", "action_flag": 1, "change_message": "[{\"added\": {}}]"}}, {"model": "admin.logentry", "pk": 16, "fields": {"action_time": "2021-07-03T17:06:27.177Z", "user": 1, "content_type": 8, "object_id": "8", "object_repr": "eating out", "action_flag": 1, "change_message": "[{\"added\": {}}]"}}, {"model": "admin.logentry", "pk": 17, "fields": {"action_time": "2021-07-03T17:06:29.482Z", "user": 1, "content_type": 8, "object_id": "9", "object_repr": "coffee", "action_flag": 1, "change_message": "[{\"added\": {}}]"}}, {"model": "admin.logentry", "pk": 18, "fields": {"action_time": "2021-07-03T17:06:31.875Z", "user": 1, "content_type": 8, "object_id": "10", "object_repr": "take out", "action_flag": 1, "change_message": "[{\"added\": {}}]"}}, {"model": "admin.logentry", "pk": 19, "fields": {"action_time": "2021-07-03T17:06:35.342Z", "user": 1, "content_type": 8, "object_id": "11", "object_repr": "small house purchase", "action_flag": 1, "change_message": "[{\"added\": {}}]"}}, {"model": "admin.logentry", "pk": 20, "fields": {"action_time": "2021-07-03T17:16:06.111Z", "user": 1, "content_type": 7, "object_id": "6", "object_repr": "1 of 83.50 at Target for house items and some groceries on 2021-07-03 17:13:38.776609+00:00", "action_flag": 3, "change_message": ""}}, {"model": "admin.logentry", "pk": 21, "fields": {"action_time": "2021-07-03T17:16:06.116Z", "user": 1, "content_type": 7, "object_id": "5", "object_repr": "1 of 83.50 at Target for house items and some groceries on 2021-07-03 17:11:06.215035+00:00", "action_flag": 3, "change_message": ""}}, {"model": "admin.logentry", "pk": 22, "fields": {"action_time": "2021-07-03T17:16:06.120Z", "user": 1, "content_type": 7, "object_id": "4", "object_repr": "1 of 83.50 at Target for house items and some groceries on 2021-07-03 17:09:45.916119+00:00", "action_flag": 3, "change_message": ""}}, {"model": "admin.logentry", "pk": 23, "fields": {"action_time": "2021-07-03T17:16:06.124Z", "user": 1, "content_type": 7, "object_id": "3", "object_repr": "1 of 83.50 at Target for house items and some groceries on 2021-07-03 17:09:15.303534+00:00", "action_flag": 3, "change_message": ""}}, {"model": "admin.logentry", "pk": 24, "fields": {"action_time": "2021-07-03T17:16:06.128Z", "user": 1, "content_type": 7, "object_id": "2", "object_repr": "1 of 83.50 at Target for house items and some groceries on 2021-07-03 17:07:39.591546+00:00", "action_flag": 3, "change_message": ""}}, {"model": "admin.logentry", "pk": 25, "fields": {"action_time": "2021-07-06T18:57:22.369Z", "user": 1, "content_type": 8, "object_id": "12", "object_repr": "tech", "action_flag": 1, "change_message": "[{\"added\": {}}]"}}, {"model": "admin.logentry", "pk": 26, "fields": {"action_time": "2021-07-06T19:26:51.573Z", "user": 1, "content_type": 7, "object_id": "13", "object_repr": "1 of $10.00 at Fruit Stand for  on 2021-07-06", "action_flag": 3, "change_message": ""}}, {"model": "admin.logentry", "pk": 27, "fields": {"action_time": "2021-07-06T19:26:51.579Z", "user": 1, "content_type": 7, "object_id": "12", "object_repr": "1 of $20.52 at Target for  on 2021-07-06", "action_flag": 3, "change_message": ""}}, {"model": "admin.logentry", "pk": 28, "fields": {"action_time": "2021-07-06T19:26:51.583Z", "user": 1, "content_type": 7, "object_id": "11", "object_repr": "1 of $30.89 at Trader Joe's for  on 2021-07-06", "action_flag": 3, "change_message": ""}}, {"model": "admin.logentry", "pk": 29, "fields": {"action_time": "2021-07-06T19:26:51.588Z", "user": 1, "content_type": 7, "object_id": "10", "object_repr": "1 of $15.24 at Amazon for  on 2021-07-03", "action_flag": 3, "change_message": ""}}, {"model": "admin.logentry", "pk": 30, "fields": {"action_time": "2021-07-06T19:48:56.611Z", "user": 1, "content_type": 7, "object_id": "1", "object_repr": "1 of $62.01 at Amazon for Rice bowls, spoons, chopsticks on 2021-07-06", "action_flag": 3, "change_message": ""}}, {"model": "admin.logentry", "pk": 31, "fields": {"action_time": "2021-07-06T19:55:53.260Z", "user": 1, "content_type": 8, "object_id": "14", "object_repr": "Rideshare", "action_flag": 3, "change_message": ""}}, {"model": "admin.logentry", "pk": 32, "fields": {"action_time": "2021-07-06T19:55:57.995Z", "user": 1, "content_type": 8, "object_id": "15", "object_repr": "travel", "action_flag": 2, "change_message": "[{\"changed\": {\"fields\": [\"Type\"]}}]"}}, {"model": "admin.logentry", "pk": 33, "fields": {"action_time": "2021-07-06T20:02:20.465Z", "user": 1, "content_type": 7, "object_id": "17", "object_repr": "1 of $132.68 at Amazon for \"misc purchases\" by michael on 2021-07-01", "action_flag": 2, "change_message": "[{\"changed\": {\"fields\": [\"Date\"]}}]"}}, {"model": "admin.logentry", "pk": 34, "fields": {"action_time": "2021-07-07T23:08:03.268Z", "user": 1, "content_type": 7, "object_id": "22", "object_repr": "1 of $6.00 at Coffeeshop for \"z\" by michael on 2021-07-07", "action_flag": 2, "change_message": "[{\"changed\": {\"fields\": [\"Description\", \"Purchased by\"]}}]"}}, {"model": "admin.logentry", "pk": 35, "fields": {"action_time": "2021-07-07T23:08:09.417Z", "user": 1, "content_type": 7, "object_id": "20", "object_repr": "1 of $224.39 at Etsy for \"bookshelf (bamboo)\" by michael on 2021-07-01", "action_flag": 3, "change_message": ""}}, {"model": "admin.logentry", "pk": 36, "fields": {"action_time": "2021-07-07T23:09:05.352Z", "user": 1, "content_type": 8, "object_id": "16", "object_repr": "clothing", "action_flag": 2, "change_message": "[{\"changed\": {\"fields\": [\"Type\"]}}]"}}, {"model": "admin.logentry", "pk": 37, "fields": {"action_time": "2021-07-07T23:09:07.714Z", "user": 1, "content_type": 7, "object_id": "23", "object_repr": "1 of $446.00 at Athletic Store for \"lululemon\" by michael on 2021-07-07", "action_flag": 2, "change_message": "[]"}}, {"model": "admin.logentry", "pk": 38, "fields": {"action_time": "2021-07-18T21:46:02.194Z", "user": 1, "content_type": 7, "object_id": "43", "object_repr": "1 of $18.00 at Rideshare for \"\" by michael on 2021-07-17", "action_flag": 3, "change_message": ""}}, {"model": "admin.logentry", "pk": 39, "fields": {"action_time": "2021-07-18T21:49:54.385Z", "user": 1, "content_type": 7, "object_id": "34", "object_repr": "1 of $97.00 at Amazon for \"logitech master 3 mac\" by michael on 2021-07-13", "action_flag": 3, "change_message": ""}}, {"model": "admin.logentry", "pk": 40, "fields": {"action_time": "2021-07-19T02:36:56.295Z", "user": 1, "content_type": 4, "object_id": "2", "object_repr": "michelle", "action_flag": 2, "change_message": "[{\"changed\": {\"fields\": [\"password\"]}}]"}}, {"model": "admin.logentry", "pk": 41, "fields": {"action_time": "2021-07-19T02:56:13.519Z", "user": 1, "content_type": 8, "object_id": "19", "object_repr": "Transit", "action_flag": 3, "change_message": ""}}, {"model": "admin.logentry", "pk": 42, "fields": {"action_time": "2021-07-19T02:56:17.600Z", "user": 1, "content_type": 9, "object_id": "24", "object_repr": "Transit", "action_flag": 1, "change_message": "[{\"added\": {}}]"}}, {"model": "auth.permission", "pk": 1, "fields": {"name": "Can add log entry", "content_type": 1, "codename": "add_logentry"}}, {"model": "auth.permission", "pk": 2, "fields": {"name": "Can change log entry", "content_type": 1, "codename": "change_logentry"}}, {"model": "auth.permission", "pk": 3, "fields": {"name": "Can delete log entry", "content_type": 1, "codename": "delete_logentry"}}, {"model": "auth.permission", "pk": 4, "fields": {"name": "Can view log entry", "content_type": 1, "codename": "view_logentry"}}, {"model": "auth.permission", "pk": 5, "fields": {"name": "Can add permission", "content_type": 2, "codename": "add_permission"}}, {"model": "auth.permission", "pk": 6, "fields": {"name": "Can change permission", "content_type": 2, "codename": "change_permission"}}, {"model": "auth.permission", "pk": 7, "fields": {"name": "Can delete permission", "content_type": 2, "codename": "delete_permission"}}, {"model": "auth.permission", "pk": 8, "fields": {"name": "Can view permission", "content_type": 2, "codename": "view_permission"}}, {"model": "auth.permission", "pk": 9, "fields": {"name": "Can add group", "content_type": 3, "codename": "add_group"}}, {"model": "auth.permission", "pk": 10, "fields": {"name": "Can change group", "content_type": 3, "codename": "change_group"}}, {"model": "auth.permission", "pk": 11, "fields": {"name": "Can delete group", "content_type": 3, "codename": "delete_group"}}, {"model": "auth.permission", "pk": 12, "fields": {"name": "Can view group", "content_type": 3, "codename": "view_group"}}, {"model": "auth.permission", "pk": 13, "fields": {"name": "Can add user", "content_type": 4, "codename": "add_user"}}, {"model": "auth.permission", "pk": 14, "fields": {"name": "Can change user", "content_type": 4, "codename": "change_user"}}, {"model": "auth.permission", "pk": 15, "fields": {"name": "Can delete user", "content_type": 4, "codename": "delete_user"}}, {"model": "auth.permission", "pk": 16, "fields": {"name": "Can view user", "content_type": 4, "codename": "view_user"}}, {"model": "auth.permission", "pk": 17, "fields": {"name": "Can add content type", "content_type": 5, "codename": "add_contenttype"}}, {"model": "auth.permission", "pk": 18, "fields": {"name": "Can change content type", "content_type": 5, "codename": "change_contenttype"}}, {"model": "auth.permission", "pk": 19, "fields": {"name": "Can delete content type", "content_type": 5, "codename": "delete_contenttype"}}, {"model": "auth.permission", "pk": 20, "fields": {"name": "Can view content type", "content_type": 5, "codename": "view_contenttype"}}, {"model": "auth.permission", "pk": 21, "fields": {"name": "Can add session", "content_type": 6, "codename": "add_session"}}, {"model": "auth.permission", "pk": 22, "fields": {"name": "Can change session", "content_type": 6, "codename": "change_session"}}, {"model": "auth.permission", "pk": 23, "fields": {"name": "Can delete session", "content_type": 6, "codename": "delete_session"}}, {"model": "auth.permission", "pk": 24, "fields": {"name": "Can view session", "content_type": 6, "codename": "view_session"}}, {"model": "auth.permission", "pk": 25, "fields": {"name": "Can add purchase", "content_type": 7, "codename": "add_purchase"}}, {"model": "auth.permission", "pk": 26, "fields": {"name": "Can change purchase", "content_type": 7, "codename": "change_purchase"}}, {"model": "auth.permission", "pk": 27, "fields": {"name": "Can delete purchase", "content_type": 7, "codename": "delete_purchase"}}, {"model": "auth.permission", "pk": 28, "fields": {"name": "Can view purchase", "content_type": 7, "codename": "view_purchase"}}, {"model": "auth.permission", "pk": 29, "fields": {"name": "Can add purchase type", "content_type": 8, "codename": "add_purchasetype"}}, {"model": "auth.permission", "pk": 30, "fields": {"name": "Can change purchase type", "content_type": 8, "codename": "change_purchasetype"}}, {"model": "auth.permission", "pk": 31, "fields": {"name": "Can delete purchase type", "content_type": 8, "codename": "delete_purchasetype"}}, {"model": "auth.permission", "pk": 32, "fields": {"name": "Can view purchase type", "content_type": 8, "codename": "view_purchasetype"}}, {"model": "auth.permission", "pk": 33, "fields": {"name": "Can add shop", "content_type": 9, "codename": "add_shop"}}, {"model": "auth.permission", "pk": 34, "fields": {"name": "Can change shop", "content_type": 9, "codename": "change_shop"}}, {"model": "auth.permission", "pk": 35, "fields": {"name": "Can delete shop", "content_type": 9, "codename": "delete_shop"}}, {"model": "auth.permission", "pk": 36, "fields": {"name": "Can view shop", "content_type": 9, "codename": "view_shop"}}, {"model": "auth.permission", "pk": 37, "fields": {"name": "Can add recurring", "content_type": 10, "codename": "add_recurring"}}, {"model": "auth.permission", "pk": 38, "fields": {"name": "Can change recurring", "content_type": 10, "codename": "change_recurring"}}, {"model": "auth.permission", "pk": 39, "fields": {"name": "Can delete recurring", "content_type": 10, "codename": "delete_recurring"}}, {"model": "auth.permission", "pk": 40, "fields": {"name": "Can view recurring", "content_type": 10, "codename": "view_recurring"}}, {"model": "auth.user", "pk": 1, "fields": {"password": "pbkdf2_sha256$260000$1Nm65kpJzuPL5E9uz9gKKP$46MUHTB97o9I2/HhLpPmDlPyZwi5DGXdq79Nz8nEQdA=", "last_login": "2021-07-19T03:59:55.865Z", "is_superuser": true, "username": "michael", "first_name": "Michael", "last_name": "Hackett", "email": "mhackett10@gmail.com", "is_staff": true, "is_active": true, "date_joined": "2021-07-02T00:57:52Z", "groups": [], "user_permissions": []}}, {"model": "auth.user", "pk": 2, "fields": {"password": "pbkdf2_sha256$260000$nmO8WVQm4firpMp6twIb4u$wIfMyCuZ6e3EqcmPBPSIgqIkG0Z92A/6lPUKZ3m+0YQ=", "last_login": "2021-07-19T03:59:24.567Z", "is_superuser": false, "username": "michelle", "first_name": "Michelle", "last_name": "Zhou", "email": "miczhou99@gmail.com", "is_staff": false, "is_active": true, "date_joined": "2021-07-02T00:58:35Z", "groups": [], "user_permissions": []}}, {"model": "sessions.session", "pk": "0b9e0zr12p9yarcotdl7ax5ar0ve63aa", "fields": {"session_data": ".eJxVjMsOwiAQRf-FtSHDs-LSfb-BMAxI1UBS2pXx35WkC93ec859MR_2rfi9p9UvxC5MsNPvhiE-Uh2A7qHeGo-tbuuCfCj8oJ3PjdLzerh_ByX08q2jRmMhSS2lgEwkhEBnlA0QSWuwjoxClTIQnI2kCYzJKufhajdhZO8PyzE3hw:1m2Htc:cN9tOmAjlHBTjapbilEcWKeU7hhd-oi_RX7KTcXUrtI", "expire_date": "2021-07-24T18:40:12.475Z"}}, {"model": "sessions.session", "pk": "turfh42mtecvcf2h66cn7c0gas11qkf8", "fields": {"session_data": ".eJxVjMsOwiAQRf-FtSHDs-LSfb-BMAxI1UBS2pXx35WkC93ec859MR_2rfi9p9UvxC5MsNPvhiE-Uh2A7qHeGo-tbuuCfCj8oJ3PjdLzerh_ByX08q2jRmMhSS2lgEwkhEBnlA0QSWuwjoxClTIQnI2kCYzJKufhajdhZO8PyzE3hw:1m5KRf:vx03fi9180ev0IFWlexEt8wkHeuV2Z9cRFNd-uRbaKU", "expire_date": "2021-08-02T03:59:55.866Z"}}, {"model": "main.purchasetype", "pk": 7, "fields": {"type": "groceries"}}, {"model": "main.purchasetype", "pk": 8, "fields": {"type": "eating out"}}, {"model": "main.purchasetype", "pk": 9, "fields": {"type": "coffee"}}, {"model": "main.purchasetype", "pk": 10, "fields": {"type": "take out"}}, {"model": "main.purchasetype", "pk": 11, "fields": {"type": "small house purchase"}}, {"model": "main.purchasetype", "pk": 12, "fields": {"type": "tech"}}, {"model": "main.purchasetype", "pk": 13, "fields": {"type": "alcohol"}}, {"model": "main.purchasetype", "pk": 15, "fields": {"type": "travel"}}, {"model": "main.purchasetype", "pk": 16, "fields": {"type": "clothing"}}, {"model": "main.purchasetype", "pk": 17, "fields": {"type": "fun"}}, {"model": "main.purchasetype", "pk": 18, "fields": {"type": "Reading"}}, {"model": "main.purchasetype", "pk": 20, "fields": {"type": "cosmetics"}}, {"model": "main.shop", "pk": 1, "fields": {"name": "Amazon"}}, {"model": "main.shop", "pk": 2, "fields": {"name": "Target"}}, {"model": "main.shop", "pk": 3, "fields": {"name": "Trader Joe's"}}, {"model": "main.shop", "pk": 4, "fields": {"name": "Fruit Stand"}}, {"model": "main.shop", "pk": 5, "fields": {"name": "Nespresso"}}, {"model": "main.shop", "pk": 6, "fields": {"name": "Restaurant (Dinner)"}}, {"model": "main.shop", "pk": 7, "fields": {"name": "Restaurant (Lunch)"}}, {"model": "main.shop", "pk": 8, "fields": {"name": "Restaurant (Breakfast)"}}, {"model": "main.shop", "pk": 9, "fields": {"name": "Coffeeshop"}}, {"model": "main.shop", "pk": 10, "fields": {"name": "Wayfair"}}, {"model": "main.shop", "pk": 11, "fields": {"name": "Liquor Store"}}, {"model": "main.shop", "pk": 12, "fields": {"name": "Rideshare"}}, {"model": "main.shop", "pk": 13, "fields": {"name": "Etsy"}}, {"model": "main.shop", "pk": 14, "fields": {"name": "Athletic Store"}}, {"model": "main.shop", "pk": 15, "fields": {"name": "Bodega"}}, {"model": "main.shop", "pk": 16, "fields": {"name": "Spa"}}, {"model": "main.shop", "pk": 17, "fields": {"name": "Kips Bay Court"}}, {"model": "main.shop", "pk": 18, "fields": {"name": "Online Clothes"}}, {"model": "main.shop", "pk": 19, "fields": {"name": "Bookstore / Newspaper Store"}}, {"model": "main.shop", "pk": 20, "fields": {"name": "misc"}}, {"model": "main.shop", "pk": 21, "fields": {"name": "snack"}}, {"model": "main.shop", "pk": 22, "fields": {"name": "Fairway"}}, {"model": "main.shop", "pk": 23, "fields": {"name": "Bar"}}, {"model": "main.shop", "pk": 24, "fields": {"name": "Transit"}}, {"model": "main.purchase", "pk": 2, "fields": {"price": "62.01", "shop": 1, "description": "Rice bowls, spoons, chopsticks", "amount": 1, "bought_for": "BOTH", "date": "2021-07-06", "purchase_type": 11, "purchased_by": 1}}, {"model": "main.purchase", "pk": 3, "fields": {"price": "30.89", "shop": 3, "description": "", "amount": 1, "bought_for": "BOTH", "date": "2021-07-06", "purchase_type": 7, "purchased_by": 1}}, {"model": "main.purchase", "pk": 4, "fields": {"price": "20.52", "shop": 2, "description": "", "amount": 1, "bought_for": "BOTH", "date": "2021-07-06", "purchase_type": 7, "purchased_by": 1}}, {"model": "main.purchase", "pk": 5, "fields": {"price": "71.84", "shop": 11, "description": "vodka, rum", "amount": 1, "bought_for": "BOTH", "date": "2021-07-04", "purchase_type": 13, "purchased_by": 1}}, {"model": "main.purchase", "pk": 6, "fields": {"price": "28.17", "shop": 7, "description": "pizza", "amount": 1, "bought_for": "BOTH", "date": "2021-07-03", "purchase_type": 8, "purchased_by": 1}}, {"model": "main.purchase", "pk": 7, "fields": {"price": "20.70", "shop": 12, "description": "", "amount": 1, "bought_for": "BOTH", "date": "2021-07-04", "purchase_type": 15, "purchased_by": 1}}, {"model": "main.purchase", "pk": 8, "fields": {"price": "39.89", "shop": 7, "description": "tacos", "amount": 1, "bought_for": "BOTH", "date": "2021-07-04", "purchase_type": 8, "purchased_by": 1}}, {"model": "main.purchase", "pk": 9, "fields": {"price": "14.66", "shop": 2, "description": "", "amount": 1, "bought_for": "BOTH", "date": "2021-07-04", "purchase_type": 11, "purchased_by": 1}}, {"model": "main.purchase", "pk": 10, "fields": {"price": "81.00", "shop": 6, "description": "Izakaya Mew Dinner", "amount": 1, "bought_for": "BOTH", "date": "2021-07-04", "purchase_type": 8, "purchased_by": 1}}, {"model": "main.purchase", "pk": 11, "fields": {"price": "13.40", "shop": 1, "description": "AWS", "amount": 1, "bought_for": "MICHAEL", "date": "2021-07-03", "purchase_type": 12, "purchased_by": 1}}, {"model": "main.purchase", "pk": 12, "fields": {"price": "15.24", "shop": 1, "description": "", "amount": 1, "bought_for": "MICHELLE", "date": "2021-07-06", "purchase_type": 11, "purchased_by": 1}}, {"model": "main.purchase", "pk": 13, "fields": {"price": "83.09", "shop": 2, "description": "", "amount": 1, "bought_for": "BOTH", "date": "2021-07-03", "purchase_type": 11, "purchased_by": 1}}, {"model": "main.purchase", "pk": 14, "fields": {"price": "32.65", "shop": 1, "description": "shoe bench", "amount": 1, "bought_for": "BOTH", "date": "2021-07-02", "purchase_type": 11, "purchased_by": 1}}, {"model": "main.purchase", "pk": 15, "fields": {"price": "111.04", "shop": 10, "description": "bar cart", "amount": 1, "bought_for": "BOTH", "date": "2021-07-02", "purchase_type": 11, "purchased_by": 1}}, {"model": "main.purchase", "pk": 16, "fields": {"price": "111.35", "shop": 6, "description": "Flame Hibachi", "amount": 1, "bought_for": "BOTH", "date": "2021-07-02", "purchase_type": 8, "purchased_by": 1}}, {"model": "main.purchase", "pk": 17, "fields": {"price": "132.68", "shop": 1, "description": "misc purchases", "amount": 1, "bought_for": "BOTH", "date": "2021-07-01", "purchase_type": 11, "purchased_by": 1}}, {"model": "main.purchase", "pk": 18, "fields": {"price": "29.00", "shop": 7, "description": "Marcellino Pizza", "amount": 1, "bought_for": "MICHAEL", "date": "2021-07-01", "purchase_type": 8, "purchased_by": 1}}, {"model": "main.purchase", "pk": 19, "fields": {"price": "281.88", "shop": 5, "description": "240 or so coffee pods", "amount": 1, "bought_for": "BOTH", "date": "2021-07-01", "purchase_type": 9, "purchased_by": 1}}, {"model": "main.purchase", "pk": 21, "fields": {"price": "10.00", "shop": 4, "description": "", "amount": 1, "bought_for": "BOTH", "date": "2021-07-06", "purchase_type": 7, "purchased_by": 1}}, {"model": "main.purchase", "pk": 22, "fields": {"price": "6.00", "shop": 9, "description": "z", "amount": 1, "bought_for": "MICHAEL", "date": "2021-07-07", "purchase_type": 9, "purchased_by": 1}}, {"model": "main.purchase", "pk": 23, "fields": {"price": "446.00", "shop": 14, "description": "lululemon", "amount": 1, "bought_for": "MICHAEL", "date": "2021-07-07", "purchase_type": 16, "purchased_by": 1}}, {"model": "main.purchase", "pk": 24, "fields": {"price": "290.46", "shop": 14, "description": "nike - 3 pairs of shoes", "amount": 1, "bought_for": "MICHAEL", "date": "2021-07-07", "purchase_type": 16, "purchased_by": 1}}, {"model": "main.purchase", "pk": 25, "fields": {"price": "38.98", "shop": 2, "description": "", "amount": 1, "bought_for": "BOTH", "date": "2021-07-09", "purchase_type": 7, "purchased_by": 1}}, {"model": "main.purchase", "pk": 26, "fields": {"price": "13.71", "shop": 9, "description": "", "amount": 1, "bought_for": "BOTH", "date": "2021-07-10", "purchase_type": 9, "purchased_by": 1}}, {"model": "main.purchase", "pk": 27, "fields": {"price": "80.00", "shop": 6, "description": "Tara Rose drinks", "amount": 1, "bought_for": "BOTH", "date": "2021-07-09", "purchase_type": 13, "purchased_by": 1}}, {"model": "main.purchase", "pk": 28, "fields": {"price": "31.00", "shop": 1, "description": "shaker set", "amount": 1, "bought_for": "BOTH", "date": "2021-07-10", "purchase_type": 13, "purchased_by": 1}}, {"model": "main.purchase", "pk": 29, "fields": {"price": "6.75", "shop": 15, "description": "", "amount": 1, "bought_for": "BOTH", "date": "2021-07-10", "purchase_type": 10, "purchased_by": 1}}, {"model": "main.purchase", "pk": 30, "fields": {"price": "3.75", "shop": 15, "description": "", "amount": 1, "bought_for": "MICHAEL", "date": "2021-07-08", "purchase_type": 10, "purchased_by": 1}}, {"model": "main.purchase", "pk": 31, "fields": {"price": "3.75", "shop": 15, "description": "", "amount": 1, "bought_for": "MICHAEL", "date": "2021-07-07", "purchase_type": 10, "purchased_by": 1}}, {"model": "main.purchase", "pk": 32, "fields": {"price": "160.00", "shop": 16, "description": "", "amount": 1, "bought_for": "MICHAEL", "date": "2021-07-09", "purchase_type": 17, "purchased_by": 1}}, {"model": "main.purchase", "pk": 33, "fields": {"price": "50.00", "shop": 8, "description": "brunch at Penelope's", "amount": 1, "bought_for": "BOTH", "date": "2021-07-11", "purchase_type": 8, "purchased_by": 1}}, {"model": "main.purchase", "pk": 35, "fields": {"price": "101.19", "shop": 18, "description": "", "amount": 1, "bought_for": "MICHAEL", "date": "2021-07-12", "purchase_type": 16, "purchased_by": 1}}, {"model": "main.purchase", "pk": 36, "fields": {"price": "97.93", "shop": 1, "description": "mouse", "amount": 1, "bought_for": "MICHAEL", "date": "2021-07-13", "purchase_type": 12, "purchased_by": 1}}, {"model": "main.purchase", "pk": 37, "fields": {"price": "37.45", "shop": 6, "description": "", "amount": 1, "bought_for": "BOTH", "date": "2021-07-14", "purchase_type": 10, "purchased_by": 1}}, {"model": "main.purchase", "pk": 38, "fields": {"price": "36.12", "shop": 3, "description": "", "amount": 1, "bought_for": "BOTH", "date": "2021-07-14", "purchase_type": 7, "purchased_by": 1}}, {"model": "main.purchase", "pk": 39, "fields": {"price": "83.65", "shop": 6, "description": "ootoya chelsea dinner", "amount": 1, "bought_for": "BOTH", "date": "2021-07-14", "purchase_type": 8, "purchased_by": 1}}, {"model": "main.purchase", "pk": 40, "fields": {"price": "21.50", "shop": 12, "description": "", "amount": 1, "bought_for": "BOTH", "date": "2021-07-14", "purchase_type": 15, "purchased_by": 1}}, {"model": "main.purchase", "pk": 41, "fields": {"price": "76.03", "shop": 1, "description": "whiteboard", "amount": 1, "bought_for": "BOTH", "date": "2021-07-18", "purchase_type": 12, "purchased_by": 1}}, {"model": "main.purchase", "pk": 42, "fields": {"price": "23.92", "shop": 15, "description": "whiteclaw for ryan and collin's party", "amount": 1, "bought_for": "BOTH", "date": "2021-07-16", "purchase_type": 13, "purchased_by": 1}}, {"model": "main.purchase", "pk": 44, "fields": {"price": "23.00", "shop": 12, "description": "metro north to CT", "amount": 1, "bought_for": "BOTH", "date": "2021-07-17", "purchase_type": 15, "purchased_by": 1}}, {"model": "main.purchase", "pk": 45, "fields": {"price": "24.59", "shop": 12, "description": "uber home after ryan's", "amount": 1, "bought_for": "BOTH", "date": "2021-07-17", "purchase_type": 15, "purchased_by": 1}}, {"model": "main.purchase", "pk": 46, "fields": {"price": "18.01", "shop": 12, "description": "", "amount": 1, "bought_for": "BOTH", "date": "2021-07-17", "purchase_type": 15, "purchased_by": 1}}, {"model": "main.purchase", "pk": 47, "fields": {"price": "28.68", "shop": 12, "description": "uber to brooklyn for breakfast", "amount": 1, "bought_for": "BOTH", "date": "2021-07-18", "purchase_type": 15, "purchased_by": 1}}, {"model": "main.purchase", "pk": 48, "fields": {"price": "20.00", "shop": 20, "description": "play russian paul in chess (2 games)", "amount": 1, "bought_for": "MICHAEL", "date": "2021-07-18", "purchase_type": 17, "purchased_by": 1}}, {"model": "main.purchase", "pk": 49, "fields": {"price": "6.50", "shop": 15, "description": "breakfast, ice", "amount": 1, "bought_for": "MICHAEL", "date": "2021-07-16", "purchase_type": 10, "purchased_by": 1}}, {"model": "main.purchase", "pk": 50, "fields": {"price": "3.50", "shop": 15, "description": "", "amount": 1, "bought_for": "MICHAEL", "date": "2021-07-15", "purchase_type": 10, "purchased_by": 1}}, {"model": "main.purchase", "pk": 51, "fields": {"price": "3.50", "shop": 15, "description": "", "amount": 1, "bought_for": "MICHAEL", "date": "2021-07-14", "purchase_type": 10, "purchased_by": 1}}, {"model": "main.purchase", "pk": 52, "fields": {"price": "36.97", "shop": 12, "description": "", "amount": 1, "bought_for": "MICHELLE", "date": "2021-07-01", "purchase_type": 15, "purchased_by": 2}}, {"model": "main.purchase", "pk": 53, "fields": {"price": "73.23", "shop": 18, "description": "", "amount": 1, "bought_for": "MICHELLE", "date": "2021-07-03", "purchase_type": 16, "purchased_by": 2}}, {"model": "main.purchase", "pk": 54, "fields": {"price": "98.50", "shop": 18, "description": "", "amount": 1, "bought_for": "MICHELLE", "date": "2021-07-05", "purchase_type": 16, "purchased_by": 2}}, {"model": "main.purchase", "pk": 55, "fields": {"price": "36.24", "shop": 21, "description": "", "amount": 1, "bought_for": "BOTH", "date": "2021-07-05", "purchase_type": 10, "purchased_by": 2}}, {"model": "main.purchase", "pk": 56, "fields": {"price": "118.41", "shop": 22, "description": "", "amount": 1, "bought_for": "BOTH", "date": "2021-07-05", "purchase_type": 7, "purchased_by": 2}}, {"model": "main.purchase", "pk": 57, "fields": {"price": "9.25", "shop": 9, "description": "", "amount": 1, "bought_for": "BOTH", "date": "2021-07-05", "purchase_type": 9, "purchased_by": 2}}, {"model": "main.purchase", "pk": 58, "fields": {"price": "8.60", "shop": 20, "description": "", "amount": 1, "bought_for": "BOTH", "date": "2021-07-06", "purchase_type": 11, "purchased_by": 2}}, {"model": "main.purchase", "pk": 59, "fields": {"price": "58.29", "shop": 1, "description": "", "amount": 1, "bought_for": "BOTH", "date": "2021-07-06", "purchase_type": 11, "purchased_by": 2}}, {"model": "main.purchase", "pk": 60, "fields": {"price": "30.47", "shop": 1, "description": "", "amount": 1, "bought_for": "BOTH", "date": "2021-07-07", "purchase_type": 11, "purchased_by": 2}}, {"model": "main.purchase", "pk": 61, "fields": {"price": "79.04", "shop": 8, "description": "", "amount": 1, "bought_for": "BOTH", "date": "2021-07-07", "purchase_type": 8, "purchased_by": 2}}, {"model": "main.purchase", "pk": 62, "fields": {"price": "13.05", "shop": 1, "description": "", "amount": 1, "bought_for": "BOTH", "date": "2021-07-07", "purchase_type": 11, "purchased_by": 2}}, {"model": "main.purchase", "pk": 63, "fields": {"price": "35.93", "shop": 18, "description": "", "amount": 1, "bought_for": "MICHELLE", "date": "2021-07-07", "purchase_type": 16, "purchased_by": 2}}, {"model": "main.purchase", "pk": 64, "fields": {"price": "51.96", "shop": 20, "description": "mobie", "amount": 1, "bought_for": "BOTH", "date": "2021-07-10", "purchase_type": 17, "purchased_by": 2}}, {"model": "main.purchase", "pk": 65, "fields": {"price": "14.96", "shop": 7, "description": "", "amount": 1, "bought_for": "MICHELLE", "date": "2021-07-10", "purchase_type": 10, "purchased_by": 2}}, {"model": "main.purchase", "pk": 66, "fields": {"price": "28.78", "shop": 23, "description": "", "amount": 1, "bought_for": "BOTH", "date": "2021-07-10", "purchase_type": 13, "purchased_by": 2}}, {"model": "main.purchase", "pk": 67, "fields": {"price": "37.84", "shop": 6, "description": "", "amount": 1, "bought_for": "BOTH", "date": "2021-07-12", "purchase_type": 8, "purchased_by": 2}}, {"model": "main.purchase", "pk": 68, "fields": {"price": "24.89", "shop": 12, "description": "", "amount": 1, "bought_for": "MICHELLE", "date": "2021-07-12", "purchase_type": 15, "purchased_by": 2}}, {"model": "main.purchase", "pk": 69, "fields": {"price": "5.43", "shop": 21, "description": "", "amount": 1, "bought_for": "BOTH", "date": "2021-07-12", "purchase_type": 10, "purchased_by": 2}}, {"model": "main.purchase", "pk": 70, "fields": {"price": "48.78", "shop": 6, "description": "", "amount": 1, "bought_for": "BOTH", "date": "2021-07-12", "purchase_type": 10, "purchased_by": 2}}, {"model": "main.purchase", "pk": 71, "fields": {"price": "8.62", "shop": 2, "description": "seltzers", "amount": 1, "bought_for": "BOTH", "date": "2021-07-13", "purchase_type": 7, "purchased_by": 2}}, {"model": "main.purchase", "pk": 72, "fields": {"price": "3.26", "shop": 1, "description": "", "amount": 1, "bought_for": "MICHELLE", "date": "2021-07-13", "purchase_type": 11, "purchased_by": 2}}, {"model": "main.purchase", "pk": 73, "fields": {"price": "38.66", "shop": 6, "description": "", "amount": 1, "bought_for": "BOTH", "date": "2021-07-13", "purchase_type": 10, "purchased_by": 2}}, {"model": "main.purchase", "pk": 74, "fields": {"price": "13.60", "shop": 7, "description": "", "amount": 1, "bought_for": "MICHELLE", "date": "2021-07-14", "purchase_type": 10, "purchased_by": 2}}, {"model": "main.purchase", "pk": 75, "fields": {"price": "2.75", "shop": 24, "description": "", "amount": 5, "bought_for": "MICHELLE", "date": "2021-07-14", "purchase_type": 15, "purchased_by": 2}}, {"model": "main.purchase", "pk": 76, "fields": {"price": "4.34", "shop": 15, "description": "", "amount": 1, "bought_for": "MICHELLE", "date": "2021-07-16", "purchase_type": 20, "purchased_by": 2}}, {"model": "main.purchase", "pk": 77, "fields": {"price": "43.54", "shop": 2, "description": "", "amount": 1, "bought_for": "MICHELLE", "date": "2021-07-17", "purchase_type": 7, "purchased_by": 2}}, {"model": "main.purchase", "pk": 78, "fields": {"price": "26.39", "shop": 12, "description": "", "amount": 1, "bought_for": "BOTH", "date": "2021-07-17", "purchase_type": 15, "purchased_by": 2}}, {"model": "main.recurring", "pk": 1, "fields": {"price": "40.00", "description": "gym sub", "frequency": 12, "bought_for": "MICHAEL", "purchased_by": 1, "shop": 17}}, {"model": "main.recurring", "pk": 2, "fields": {"price": "3450.00", "description": "rent", "frequency": 12, "bought_for": "BOTH", "purchased_by": 1, "shop": 17}}, {"model": "main.recurring", "pk": 3, "fields": {"price": "149.99", "description": "new yorker yearly", "frequency": 1, "bought_for": "MICHAEL", "purchased_by": 1, "shop": 19}}, {"model": "main.recurring", "pk": 4, "fields": {"price": "5.29", "description": "spotify", "frequency": 12, "bought_for": "MICHELLE", "purchased_by": 2, "shop": 20}}, {"model": "main.recurring", "pk": 5, "fields": {"price": "8.62", "description": "", "frequency": 12, "bought_for": "BOTH", "purchased_by": 2, "shop": 20}}, {"model": "main.recurring", "pk": 6, "fields": {"price": "3.18", "description": "icloud", "frequency": 12, "bought_for": "MICHELLE", "purchased_by": 2, "shop": 20}}]